City_ID,City,Country,Lat,Lng,Max Temp,Humidity,Cloudiness,Wind Speed,Current Descriptions
0,Tiksi,RU,71.6872,128.8694,-15.74,100,50,4.29,scattered clouds
1,Ouadda,CF,8.0777,22.4007,88.03,23,89,4.23,overcast clouds
2,Dharchula,IN,29.85,80.5333,60.67,32,2,7.27,clear sky
3,Hilo,US,19.7297,-155.09,71.26,93,100,0.0,moderate rain
4,Torbay,CA,47.6666,-52.7314,36.28,82,75,10.36,broken clouds
5,Rikitea,PF,-23.1203,-134.9692,79.95,71,70,17.11,broken clouds
6,Yulara,AU,-25.2406,130.9889,76.84,44,40,9.22,scattered clouds
7,Andenes,NO,69.3143,16.1194,35.58,80,75,13.8,light rain
8,Fairbanks,US,64.8378,-147.7164,6.22,60,40,8.05,scattered clouds
9,Abha,SA,18.2164,42.5053,64.22,77,0,6.91,clear sky
10,Barrow,US,71.2906,-156.7887,-16.58,76,0,14.97,clear sky
11,Grindavik,IS,63.8424,-22.4338,45.07,100,100,19.57,overcast clouds
12,Faanui,PF,-16.4833,-151.75,80.56,73,89,10.83,overcast clouds
13,Namibe,AO,-15.1961,12.1522,76.1,82,87,5.66,overcast clouds
14,Bronnoysund,NO,65.4625,12.1997,42.8,93,75,21.99,broken clouds
15,Askiz,RU,53.1319,90.5264,20.91,72,38,10.67,scattered clouds
16,Tiksi,RU,71.6872,128.8694,-15.74,100,50,4.29,scattered clouds
17,Ouadda,CF,8.0777,22.4007,88.03,23,89,4.23,overcast clouds
18,Dharchula,IN,29.85,80.5333,60.67,32,2,7.27,clear sky
19,Hilo,US,19.7297,-155.09,71.26,93,100,0.0,moderate rain
20,Torbay,CA,47.6666,-52.7314,36.28,82,75,10.36,broken clouds
21,Rikitea,PF,-23.1203,-134.9692,79.95,71,70,17.11,broken clouds
22,Yulara,AU,-25.2406,130.9889,76.84,44,40,9.22,scattered clouds
23,Andenes,NO,69.3143,16.1194,35.58,80,75,13.8,light rain
24,Fairbanks,US,64.8378,-147.7164,6.22,60,40,8.05,scattered clouds
25,Abha,SA,18.2164,42.5053,64.22,77,0,6.91,clear sky
26,Barrow,US,71.2906,-156.7887,-16.58,76,0,14.97,clear sky
27,Grindavik,IS,63.8424,-22.4338,45.07,100,100,19.57,overcast clouds
28,Faanui,PF,-16.4833,-151.75,80.56,73,89,10.83,overcast clouds
29,Namibe,AO,-15.1961,12.1522,76.1,82,87,5.66,overcast clouds
30,Bronnoysund,NO,65.4625,12.1997,42.8,93,75,21.99,broken clouds
31,Askiz,RU,53.1319,90.5264,20.91,72,38,10.67,scattered clouds
32,Tiksi,RU,71.6872,128.8694,-15.74,100,50,4.29,scattered clouds
33,Ouadda,CF,8.0777,22.4007,88.03,23,89,4.23,overcast clouds
34,Dharchula,IN,29.85,80.5333,60.67,32,2,7.27,clear sky
35,Hilo,US,19.7297,-155.09,71.33,91,100,6.91,moderate rain
36,Torbay,CA,47.6666,-52.7314,36.28,82,75,10.36,broken clouds
37,Rikitea,PF,-23.1203,-134.9692,79.95,71,70,17.11,broken clouds
38,Yulara,AU,-25.2406,130.9889,76.84,44,40,9.22,scattered clouds
39,Andenes,NO,69.3143,16.1194,35.58,80,75,13.8,light rain
40,Fairbanks,US,64.8378,-147.7164,6.22,61,40,8.05,scattered clouds
41,Abha,SA,18.2164,42.5053,64.22,77,0,6.91,clear sky
42,Barrow,US,71.2906,-156.7887,-16.58,76,0,14.97,clear sky
43,Grindavik,IS,63.8424,-22.4338,45.07,100,100,18.41,overcast clouds
44,Faanui,PF,-16.4833,-151.75,80.56,73,89,10.83,overcast clouds
45,Namibe,AO,-15.1961,12.1522,76.1,82,87,5.66,overcast clouds
46,Bronnoysund,NO,65.4625,12.1997,42.8,93,75,21.99,moderate rain
47,Askiz,RU,53.1319,90.5264,20.91,72,38,10.67,scattered clouds
48,Tiksi,RU,71.6872,128.8694,-15.74,100,50,4.29,scattered clouds
49,Ouadda,CF,8.0777,22.4007,88.03,23,89,4.23,overcast clouds
50,Dharchula,IN,29.85,80.5333,60.67,32,2,7.27,clear sky
51,Hilo,US,19.7297,-155.09,71.33,91,100,6.91,moderate rain
52,Torbay,CA,47.6666,-52.7314,36.28,82,75,10.36,broken clouds
53,Rikitea,PF,-23.1203,-134.9692,79.95,71,70,17.11,broken clouds
54,Yulara,AU,-25.2406,130.9889,76.84,44,40,9.22,scattered clouds
55,Andenes,NO,69.3143,16.1194,35.58,80,75,13.8,light rain
56,Fairbanks,US,64.8378,-147.7164,6.22,61,40,8.05,scattered clouds
57,Abha,SA,18.2164,42.5053,64.22,77,0,6.91,clear sky
58,Barrow,US,71.2906,-156.7887,-16.58,76,0,14.97,clear sky
59,Grindavik,IS,63.8424,-22.4338,45.07,100,100,18.41,overcast clouds
60,Faanui,PF,-16.4833,-151.75,80.56,73,89,10.83,overcast clouds
61,Namibe,AO,-15.1961,12.1522,76.1,82,87,5.66,overcast clouds
62,Bronnoysund,NO,65.4625,12.1997,42.8,93,75,21.99,moderate rain
63,Askiz,RU,53.1319,90.5264,20.91,72,38,10.67,scattered clouds
64,Havre-Saint-Pierre,CA,50.2334,-63.5986,37.76,44,0,20.71,clear sky
65,Chapais,CA,49.7834,-74.8492,29.98,68,72,11.79,broken clouds
66,Luanda,AO,-8.8368,13.2343,82.4,74,20,8.05,few clouds
67,Kodiak,US,57.79,-152.4072,30.61,92,100,6.6,light snow
68,Laguna,US,38.421,-121.4238,78.64,56,0,4.61,clear sky
69,Albany,US,42.6001,-73.9662,44.42,40,100,4.52,overcast clouds
70,Atuona,PF,-9.8,-139.0333,78.39,82,100,15.99,light rain
71,Pandan,PH,14.0453,124.1694,78.01,85,60,5.55,broken clouds
72,Upanema,BR,-5.6419,-37.2578,93.18,43,85,2.19,overcast clouds
73,Mataura,NZ,-46.1927,168.8643,54.79,97,91,8.19,overcast clouds
74,Stirling,GB,56.119,-3.9368,58.78,66,6,3.98,clear sky
75,Nanortalik,GL,60.1432,-45.2371,30.78,70,100,3.87,overcast clouds
76,Aklavik,CA,68.2191,-135.0107,-13.0,70,100,14.97,overcast clouds
77,Ushuaia,AR,-54.8,-68.3,46.06,61,75,8.05,broken clouds
78,Sitka,US,57.0531,-135.33,37.29,87,100,6.91,light rain
79,Bonavista,CA,48.6499,-53.1147,30.78,82,100,8.41,overcast clouds
80,Antalaha,MG,-14.9003,50.2788,76.75,91,44,7.65,scattered clouds
81,Macas,EC,-2.3167,-78.1167,78.55,65,40,5.75,scattered clouds
82,Sakaraha,MG,-22.9,44.5333,75.99,71,38,3.56,scattered clouds
83,Chokurdakh,RU,70.6333,147.9167,-5.51,99,100,4.79,overcast clouds
84,Severo-Kurilsk,RU,50.6789,156.125,26.47,73,22,11.27,few clouds
85,Busselton,AU,-33.65,115.3333,57.72,76,0,12.82,clear sky
86,Bengkulu,ID,-3.8004,102.2655,75.94,85,85,3.51,overcast clouds
87,Krasnokamensk,RU,50.0979,118.0369,19.26,76,7,3.31,clear sky
88,Ratzeburg,DE,53.7,10.7667,50.11,57,0,5.75,clear sky
89,Saint-Pierre,RE,-21.3393,55.4781,80.28,89,23,17.27,few clouds
90,Butaritari,KI,3.0707,172.7902,79.75,82,90,15.77,light rain
91,Bethel,US,41.3712,-73.414,48.18,41,98,1.01,overcast clouds
92,Provideniya,RU,64.3833,-173.3,6.51,70,4,5.39,clear sky
93,Georgetown,MY,5.4112,100.3354,82.33,87,20,3.44,light rain
94,Petropavlovsk-Kamchatskiy,RU,53.0452,158.6483,19.99,79,100,2.24,shower snow
95,Yar-Sale,RU,66.8333,70.8333,4.05,98,84,5.95,broken clouds
96,Bluff,NZ,-46.6,168.3333,56.88,84,96,26.11,light rain
97,Dholka,IN,22.7167,72.4667,86.38,19,32,10.45,scattered clouds
98,Tuatapere,NZ,-46.1333,167.6833,56.71,90,100,13.85,overcast clouds
99,Verdikoussa,GR,39.7803,21.9722,35.17,59,3,2.24,clear sky
100,Jamestown,US,42.097,-79.2353,44.02,55,100,11.01,overcast clouds
101,Hambantota,LK,6.1241,81.1185,79.59,82,81,9.19,broken clouds
102,Poum,NC,-20.2333,164.0167,78.93,79,100,7.76,overcast clouds
103,Qiyang,CN,26.5911,111.8474,50.7,86,99,2.73,overcast clouds
104,Caldwell,US,43.6629,-116.6874,62.35,53,0,6.91,clear sky
105,Mahebourg,MU,-20.4081,57.7,80.89,78,20,6.91,few clouds
106,Linhares,BR,-19.3911,-40.0722,76.12,78,90,8.93,overcast clouds
107,Naze,JP,28.3667,129.4833,58.12,67,71,17.58,broken clouds
108,Vestmannaeyjar,IS,63.4427,-20.2734,45.59,93,100,14.97,overcast clouds
109,Camana,PE,-16.6228,-72.7111,73.53,74,96,10.04,overcast clouds
110,Tiznit,MA,29.5833,-9.5,54.16,79,68,14.97,broken clouds
111,Muravlenko,RU,63.7898,74.523,13.24,96,99,9.33,overcast clouds
112,Marawi,PH,7.9986,124.2928,66.76,94,86,1.63,overcast clouds
113,Evans,US,33.5337,-82.1307,74.26,82,100,8.99,overcast clouds
114,Arica,CL,-18.475,-70.3042,80.15,60,0,16.11,clear sky
115,Waitati,NZ,-45.75,170.5667,58.32,92,44,5.26,scattered clouds
116,Sorland,NO,67.667,12.6934,41.34,94,100,18.1,light rain
117,Aksarka,RU,66.5606,67.7975,11.59,90,74,7.83,broken clouds
118,Paita,PE,-5.0892,-81.1144,80.4,62,36,15.52,scattered clouds
119,Muyezerskiy,RU,63.9333,31.65,32.32,91,65,10.65,broken clouds
120,Nikolskoye,RU,59.7035,30.7861,33.8,98,17,2.93,few clouds
121,Yuanping,CN,38.7153,112.7575,46.31,49,0,1.32,clear sky
122,Soe,ID,-9.8607,124.284,65.52,96,77,2.84,broken clouds
123,Ambunti,PG,-4.2365,142.8448,72.19,97,100,0.69,overcast clouds
124,Saskylakh,RU,71.9167,114.0833,-11.18,100,95,4.68,overcast clouds
125,Contamana,PE,-7.3333,-75.0167,91.11,52,81,5.06,broken clouds
126,Katsuura,JP,35.1333,140.3,45.27,94,100,16.24,overcast clouds
127,Alyangula,AU,-13.8483,136.4192,75.07,88,99,0.0,overcast clouds
128,Mehamn,NO,71.0357,27.8492,26.55,86,75,17.27,light snow
129,Shelburne,CA,44.0787,-80.2041,34.59,78,100,20.76,overcast clouds
130,Ardatov,RU,55.2421,43.097,29.59,98,52,6.35,broken clouds
131,Saint-Philippe,RE,-21.3585,55.7679,80.19,87,55,10.87,light rain
132,Qaanaaq,GL,77.484,-69.3632,-4.04,94,100,7.78,overcast clouds
133,Villamontes,BO,-21.25,-63.5,90.84,55,40,5.75,scattered clouds
134,Kapaa,US,22.0752,-159.319,75.18,84,91,16.82,moderate rain
135,Hithadhoo,MV,-0.6,73.0833,83.8,67,5,15.12,clear sky
136,Lima,PE,-12.0432,-77.0282,73.38,81,0,9.22,clear sky
137,Kutum,SD,14.2,24.6667,77.79,13,95,12.35,overcast clouds
138,Anadyr,RU,64.75,177.4833,5.5,84,20,4.47,fog
139,Solnechnyy,RU,50.7214,136.6319,14.61,94,78,3.58,broken clouds
140,Evensk,RU,61.95,159.2333,20.77,96,100,2.04,light snow
141,Bredasdorp,ZA,-34.5322,20.0403,69.75,82,77,8.01,broken clouds
142,Harper,LR,4.375,-7.7169,82.42,75,98,6.15,overcast clouds
143,Tasiilaq,GL,65.6145,-37.6368,10.98,75,100,3.65,overcast clouds
144,Pevek,RU,69.7008,170.3133,11.84,84,47,8.99,scattered clouds
145,Nedjo,ET,9.5046,35.5019,71.94,21,56,5.1,broken clouds
146,Kirakira,SB,-10.4544,161.9205,78.87,85,78,1.25,broken clouds
147,Caravelas,BR,-17.7125,-39.2481,80.6,73,66,8.5,light rain
148,Kruisfontein,ZA,-34.0033,24.7314,63.88,95,11,7.49,few clouds
149,Airai,TL,-8.9266,125.4092,59.2,93,96,0.54,moderate rain
150,Narsaq,GL,60.9167,-46.05,30.34,64,100,2.28,overcast clouds
151,Thompson,CA,55.7435,-97.8558,32.16,74,100,9.22,overcast clouds
152,Vaini,TO,-21.2,-175.2,73.56,100,99,2.3,overcast clouds
153,Kununurra,AU,-15.7667,128.7333,80.58,89,100,6.91,overcast clouds
154,Tanout,NE,14.9709,8.8879,85.28,11,34,10.74,scattered clouds
155,Abilene,US,32.4487,-99.7331,59.18,26,75,16.11,broken clouds
156,Srednekolymsk,RU,67.45,153.6833,0.45,99,99,2.71,overcast clouds
157,Karasuk,RU,53.7377,78.0403,27.21,92,100,19.24,light snow
158,Eureka,US,40.8021,-124.1637,53.58,88,99,5.99,overcast clouds
159,Palauig,PH,15.435,119.9045,80.35,80,13,7.09,few clouds
160,Pochutla,MX,15.7432,-96.4661,88.83,38,0,8.88,clear sky
161,Dakar,SN,14.6937,-17.4441,77.88,68,0,13.8,clear sky
162,Kargasok,RU,59.0556,80.8572,15.82,96,98,5.99,overcast clouds
163,Broome,US,42.2506,-75.833,47.7,43,100,5.99,overcast clouds
164,Krasnoselkup,RU,65.7,82.4667,7.12,96,94,9.31,overcast clouds
165,Abay,KZ,49.6311,72.8539,19.78,93,100,19.66,light snow
166,Tulun,RU,54.5611,100.5792,19.65,85,100,10.92,overcast clouds
167,Avarua,CK,-21.2078,-159.775,77.05,94,40,4.61,scattered clouds
168,Lorengau,PG,-2.0226,147.2712,81.27,76,100,6.62,overcast clouds
169,Dikson,RU,73.5069,80.5464,7.29,91,100,11.41,overcast clouds
170,Castro,BR,-24.7911,-50.0119,72.05,71,98,6.17,overcast clouds
171,Longyearbyen,SJ,78.2186,15.6401,-0.56,65,20,8.05,few clouds
172,Ughelli,NG,5.4899,6.0074,79.03,89,100,2.15,heavy intensity rain
173,Sugod,PH,12.987,124.0805,79.47,84,44,7.61,scattered clouds
174,Taoudenni,ML,22.6783,-3.9836,88.7,8,3,5.28,clear sky
175,Kirovskiy,RU,45.0917,133.5136,29.05,98,86,4.76,overcast clouds
176,Hovd,MN,48.0056,91.6419,19.13,29,18,2.93,few clouds
177,Fukue,JP,32.6881,128.8419,52.93,61,1,13.51,clear sky
178,Riverton,US,40.5219,-111.9391,53.78,45,0,10.36,clear sky
179,Prudnik,PL,50.3212,17.5746,56.91,40,0,2.04,clear sky
180,Souillac,MU,-20.5167,57.5167,80.98,78,20,6.91,few clouds
181,Panuco,MX,22.05,-98.1667,78.42,27,9,11.36,clear sky
182,Hobart,AU,-42.8794,147.3294,56.23,77,75,12.66,broken clouds
183,Chuy,UY,-33.6971,-53.4616,82.0,52,43,8.03,scattered clouds
184,Ikryanoye,RU,46.0932,47.7308,30.18,64,0,9.28,clear sky
185,Djibo,BF,14.1022,-1.6306,95.9,8,22,6.08,few clouds
186,Tuktoyaktuk,CA,69.4541,-133.0374,-18.4,69,40,21.85,scattered clouds
187,Chirongui,YT,-12.9319,45.1483,84.13,76,59,13.04,broken clouds
188,Nemuro,JP,43.3236,145.575,31.62,92,100,7.31,light snow
189,Krotovka,RU,53.2858,51.1686,33.71,96,100,6.17,overcast clouds
190,Ketchikan,US,55.3422,-131.6461,42.78,85,100,8.63,light rain
191,Moerai,PF,-22.4333,-151.3333,79.56,70,94,8.97,overcast clouds
192,Christchurch,NZ,-43.5333,172.6333,63.0,93,40,12.66,light rain
193,Luganville,VU,-15.5333,167.1667,77.23,89,99,4.7,overcast clouds
194,Blantyre,MW,-15.785,35.0085,64.45,94,58,3.85,broken clouds
195,Casino,AU,-28.8667,153.05,71.56,94,88,4.61,overcast clouds
196,Yellowknife,CA,62.456,-114.3525,12.42,84,100,3.44,light snow
197,Vardo,NO,70.3705,31.1107,28.38,80,75,17.27,broken clouds
198,Lavrentiya,RU,65.5833,-171.0,-2.72,74,6,5.12,clear sky
199,Hermanus,ZA,-34.4187,19.2345,70.81,88,97,9.78,light rain
200,Lompoc,US,34.6391,-120.4579,79.02,43,0,4.41,clear sky
201,Krasnogvardeyskiy,RU,57.3793,62.3195,34.16,79,100,14.27,overcast clouds
202,Qabaqcol,AZ,41.72,46.2647,41.04,79,97,2.55,overcast clouds
203,Leningradskiy,RU,69.3833,178.4167,2.95,87,97,4.16,overcast clouds
204,Tucuman,AR,-26.8241,-65.2226,84.2,54,40,5.75,scattered clouds
205,Port-Gentil,GA,-0.7193,8.7815,84.16,74,20,8.05,few clouds
206,Ucluelet,CA,48.9329,-125.5528,47.08,93,96,8.01,overcast clouds
207,Aldan,RU,58.6031,125.3894,7.14,92,56,6.91,broken clouds
208,Khatanga,RU,71.9667,102.5,4.08,97,100,4.09,overcast clouds
209,Mbekenyera,TZ,-10.0,38.9833,72.25,97,91,3.33,overcast clouds
210,Nichinan,JP,31.6,131.3667,48.24,88,47,5.41,scattered clouds
211,Rehoboth,NA,-23.3167,17.0833,75.27,41,88,6.2,overcast clouds
212,Oranjemund,NA,-28.55,16.4333,64.98,92,3,5.7,clear sky
213,Charlestown,AU,-32.95,151.6667,68.86,96,100,4.0,light rain
214,Parintins,BR,-2.6283,-56.7358,83.03,81,57,4.25,moderate rain
215,Kavieng,PG,-2.5744,150.7967,81.43,77,100,8.86,light rain
216,Hasaki,JP,35.7333,140.8333,36.0,91,100,19.01,light rain
217,Carnarvon,AU,-24.8667,113.6333,78.87,73,95,6.91,overcast clouds
218,Cristalina,BR,-16.7686,-47.6136,71.01,66,60,6.8,broken clouds
219,Talnakh,RU,69.4865,88.3972,7.21,83,100,8.81,overcast clouds
220,Constitucion,CL,-35.3333,-72.4167,58.69,55,86,8.86,overcast clouds
221,Nome,US,64.5011,-165.4064,5.5,71,0,7.63,clear sky
222,Faya,SA,18.3851,42.4509,64.51,57,19,3.42,few clouds
223,Petatlan,MX,17.5167,-101.2667,88.5,31,27,7.2,scattered clouds
224,Tautira,PF,-17.7333,-149.15,80.01,75,97,11.81,overcast clouds
225,Raahe,FI,64.6833,24.4833,37.49,92,44,17.81,scattered clouds
226,Palmer,US,42.1584,-72.3287,48.85,31,95,1.99,overcast clouds
227,Kroya,ID,-7.6331,109.2461,77.45,90,100,0.92,overcast clouds
228,Takaka,NZ,-40.85,172.8,62.56,92,100,2.89,light rain
229,Saldanha,ZA,-33.0117,17.9442,75.25,88,43,18.77,scattered clouds
230,Chadan,RU,51.2833,91.5833,1.6,83,90,4.16,overcast clouds
231,Bafia,CM,4.75,11.2333,85.37,41,93,6.53,overcast clouds
232,Patea,NZ,-39.7583,174.4833,61.97,97,100,7.11,moderate rain
233,Scarborough,GB,54.2797,-0.4044,57.33,73,4,3.0,clear sky
234,Suntar,RU,62.1444,117.6319,15.13,98,100,2.51,overcast clouds
235,Lebu,CL,-37.6167,-73.65,57.94,56,21,14.97,few clouds
236,Tazovskiy,RU,67.4667,78.7,5.13,95,68,13.24,broken clouds
237,Stornoway,GB,58.2093,-6.3865,53.92,64,0,9.22,clear sky
238,Klaksvik,FO,62.2266,-6.589,47.32,97,100,6.78,overcast clouds
239,Mombasa,KE,-4.0547,39.6636,82.81,83,20,10.36,few clouds
240,Andijon,UZ,40.7821,72.3442,36.68,92,100,5.66,light rain
241,Victoria,HK,22.2855,114.1577,63.95,91,100,4.0,overcast clouds
242,Kushima,JP,31.4583,131.2333,47.28,92,16,3.33,few clouds
243,Olafsvik,IS,64.8945,-23.7142,40.24,98,100,9.86,overcast clouds
244,Cidreira,BR,-30.1811,-50.2056,74.61,68,100,10.71,light rain
245,Pindiga,NG,9.9833,10.9333,92.07,10,42,5.93,scattered clouds
246,Fare,PF,-16.7,-151.0167,80.42,73,85,11.9,overcast clouds
247,Esperance,AU,-33.8667,121.9,57.04,75,3,5.82,clear sky
248,Sur,OM,22.5667,59.5289,81.12,38,0,6.13,clear sky
249,Itarema,BR,-2.9248,-39.9167,81.9,79,100,10.18,light rain
250,Geraldton,AU,-28.7667,114.6,77.41,31,0,17.27,clear sky
251,Hirara,JP,24.8,125.2833,65.28,76,100,19.17,overcast clouds
252,Magadan,RU,59.5667,150.8,4.73,84,18,5.77,few clouds
253,Shache,CN,38.4167,77.2406,59.76,26,97,7.25,overcast clouds
254,Narasapur,IN,16.45,81.6667,80.71,82,77,8.14,broken clouds
255,Gimli,CA,50.6336,-96.9907,31.55,86,22,10.89,few clouds
256,Adrar,MR,20.5022,-10.0711,89.28,8,18,5.39,few clouds
257,Mormugao,IN,15.4,73.8,81.66,65,75,3.44,broken clouds
258,Cowra,AU,-33.8333,148.6833,62.02,80,97,5.14,overcast clouds
259,Portland,US,45.5234,-122.6762,57.52,92,100,5.99,light intensity drizzle
260,Myaundzha,RU,63.0494,147.1858,-2.9,100,100,2.04,overcast clouds
261,Hobyo,SO,5.3505,48.5268,80.73,73,7,11.81,clear sky
262,Quelimane,MZ,-17.8786,36.8883,78.75,83,20,5.01,few clouds
263,Jining,CN,35.405,116.5814,45.19,93,0,8.75,clear sky
264,Miri,MY,4.4148,114.0089,77.14,94,20,2.3,few clouds
265,Bondoukou,CI,8.0333,-2.8,88.41,43,88,4.76,overcast clouds
266,Ganzhou,CN,28.8184,115.4327,49.3,90,70,3.65,broken clouds
267,Ambilobe,MG,-13.2,49.05,76.59,93,28,1.5,light rain
268,Bordighera,IT,43.7806,7.6645,59.56,25,0,4.5,clear sky
269,Zhigansk,RU,66.7697,123.3711,9.37,96,100,7.76,light snow
270,Flinders,AU,-34.5833,150.8552,67.17,82,100,1.99,overcast clouds
271,Prabumulih,ID,-3.45,104.25,74.89,87,59,1.36,heavy intensity rain
272,Alihe,CN,50.5667,123.7167,21.9,98,92,0.2,overcast clouds
273,Thinadhoo,MV,0.5333,72.9333,83.8,66,5,13.76,clear sky
274,Muhororo,UG,0.9381,30.7594,68.11,68,63,1.88,broken clouds
275,Nara,JP,34.6851,135.8049,45.72,83,96,3.13,overcast clouds
276,Oda,JP,35.1833,132.5,42.55,84,25,6.76,scattered clouds
277,Diadema,BR,-23.6861,-46.6228,85.1,55,75,6.91,broken clouds
278,Vostok,RU,46.4856,135.8833,13.84,95,43,4.47,scattered clouds
279,Poronaysk,RU,49.2167,143.1167,9.73,90,37,3.22,scattered clouds
280,Zilupe,LV,56.3862,28.1217,32.94,90,21,5.48,light snow
281,Sayyan,YE,15.1718,44.3244,64.44,50,87,1.39,overcast clouds
282,Bantogon,PH,6.5333,124.0333,77.92,84,99,1.59,overcast clouds
283,Touros,BR,-5.1989,-35.4608,86.02,65,68,14.29,broken clouds
284,Fortuna,US,40.5982,-124.1573,52.93,92,75,8.05,broken clouds
285,Leh,IN,34.1667,77.5833,20.75,67,36,2.15,scattered clouds
286,Healesville,AU,-37.65,145.5167,60.22,93,80,2.39,broken clouds
287,Nouadhibou,MR,20.931,-17.0347,69.78,64,0,20.71,sand
288,Enid,US,36.3956,-97.8784,49.98,45,75,24.16,broken clouds
289,Ambon,ID,-3.6954,128.1814,75.34,94,40,4.61,scattered clouds
290,Acapulco,MX,16.8634,-99.8901,84.09,51,5,8.55,clear sky
291,Isangel,VU,-19.55,169.2667,77.7,89,100,6.67,overcast clouds
292,Padang,ID,-0.9492,100.3543,76.42,80,13,4.05,few clouds
293,Poya,NC,-21.35,165.15,75.63,87,100,5.55,overcast clouds
294,Margate,GB,51.3813,1.3862,55.69,71,0,1.99,clear sky
295,Ust-Tsilma,RU,65.441,52.1498,18.63,86,76,8.59,broken clouds
296,Bathsheba,BB,13.2167,-59.5167,83.01,61,75,21.85,broken clouds
297,Marzuq,YE,14.4,46.4667,72.34,56,33,6.58,scattered clouds
298,Baruun-Urt,MN,46.6806,113.2792,25.79,30,66,7.85,broken clouds
299,Hamilton,US,39.1834,-84.5333,69.76,76,86,7.0,overcast clouds
300,Dingle,PH,10.9995,122.6711,76.73,79,55,6.02,broken clouds
301,Tanda,IN,26.55,82.65,75.36,11,1,8.21,clear sky
302,Warnes,BO,-17.5,-63.1667,87.08,70,40,17.27,scattered clouds
303,Zlitan,LY,32.4674,14.5687,56.5,63,10,11.48,clear sky
304,Hansot,IN,21.5833,72.8,85.98,27,17,13.15,few clouds
305,Hofn,IS,64.2539,-15.2082,37.42,81,75,11.5,broken clouds
306,Limoges,FR,45.75,1.3333,59.56,23,0,6.91,clear sky
307,Bilma,NE,18.6853,12.9164,79.21,12,7,8.61,clear sky
308,Aljezur,PT,37.3191,-8.8033,53.13,94,100,7.52,overcast clouds
309,Maniitsoq,GL,65.4167,-52.9,9.79,82,6,9.37,clear sky
310,Weihe,CN,32.9952,105.3247,46.29,98,100,4.5,overcast clouds
311,Cayenne,GF,4.9333,-52.3333,84.24,1,75,14.97,broken clouds
312,Diffa,NE,13.3154,12.6113,84.61,13,100,8.34,overcast clouds
313,Iralaya,HN,15.0,-83.2333,82.9,60,86,13.49,overcast clouds
314,Pangoa,PE,-12.1167,-73.0,87.37,50,81,4.88,light rain
315,Rosarito,MX,32.3333,-117.0333,85.24,26,0,11.1,clear sky
316,Soligalich,RU,59.0778,42.2864,28.24,98,95,4.07,overcast clouds
317,Yokadouma,CM,3.5167,15.05,83.62,38,82,1.36,broken clouds
318,Beruwala,LK,6.4788,79.9828,80.44,79,100,4.25,overcast clouds
319,Deputatskiy,RU,69.3,139.9,-5.84,98,100,2.59,overcast clouds
320,Rognan,NO,67.0953,15.3878,44.89,92,100,9.51,moderate rain
321,Sapa,PH,5.1544,120.3241,79.77,81,94,0.74,overcast clouds
322,Kloulklubed,PW,7.0419,134.2556,81.77,76,95,10.49,overcast clouds
323,Coquimbo,CL,-29.9533,-71.3436,64.13,72,75,9.22,broken clouds
324,Nevel,RU,56.0209,29.9284,31.14,96,2,2.37,clear sky
325,Bambanglipuro,ID,-7.95,110.2833,77.0,89,99,1.21,overcast clouds
326,Quiindy,PY,-25.9667,-57.2667,93.22,43,49,12.03,scattered clouds
327,Semikarakorsk,RU,47.5194,40.8112,38.62,55,0,7.07,clear sky
328,Turbat,PK,26.0023,63.044,79.63,42,0,8.34,clear sky
329,Avera,US,33.194,-82.5271,72.91,97,100,14.32,overcast clouds
330,Boguchany,RU,58.3814,97.4531,7.32,98,100,4.03,overcast clouds
331,Kerema,PG,-7.9631,145.7785,76.8,86,95,5.48,moderate rain
332,Cherskiy,RU,68.75,161.3,-1.26,100,86,1.66,overcast clouds
333,Husavik,IS,66.0449,-17.3389,33.19,82,38,6.73,scattered clouds
334,Espanola,US,35.9911,-106.0806,40.71,27,5,4.85,clear sky
335,Panguipulli,CL,-39.6333,-72.3333,52.61,69,77,4.94,broken clouds
336,Virden,US,39.5009,-89.7679,53.71,82,92,12.33,overcast clouds
337,Jasper,US,37.2001,-94.3502,39.99,82,100,16.11,overcast clouds
338,Lewisporte,CA,49.2499,-55.0482,35.31,94,100,11.12,light snow
339,Cabedelo,BR,-6.9811,-34.8339,88.47,67,56,12.97,broken clouds
340,Conde,BR,-7.2597,-34.9075,87.26,62,40,13.8,scattered clouds
341,Ananas,HT,19.2466,-71.9557,91.2,29,2,2.75,clear sky
342,Lyskovo,RU,56.0328,45.0422,29.5,97,92,6.49,overcast clouds
343,Jacqueville,CI,5.2052,-4.4146,81.36,83,83,9.44,broken clouds
344,Yumen,CN,40.2833,97.2,44.53,38,100,9.86,overcast clouds
345,Talara,PE,-4.5772,-81.2719,86.76,48,0,16.11,clear sky
346,Dubna,RU,56.7333,37.1667,29.71,97,39,4.45,scattered clouds
347,Stromness,GB,58.965,-3.296,53.56,82,38,6.55,scattered clouds
348,Buala,SB,-8.145,159.5921,78.89,82,68,3.38,broken clouds
349,Mahibadhoo,MV,3.7833,72.9667,82.72,67,3,12.26,clear sky
350,Gushikawa,JP,26.3544,127.8686,65.43,74,99,14.54,overcast clouds
351,Srandakan,ID,-7.9386,110.2506,76.8,90,100,4.59,overcast clouds
352,Bilibino,RU,68.0546,166.4372,0.37,99,93,3.96,overcast clouds
353,Chimbote,PE,-9.0853,-78.5783,75.42,70,50,10.63,scattered clouds
354,Vao,NC,-22.6667,167.4833,76.89,67,67,14.23,broken clouds
355,Tauberbischofsheim,DE,49.6247,9.6628,60.51,52,0,0.29,clear sky
356,Kavaratti,IN,10.5669,72.642,83.14,67,22,3.29,few clouds
357,Shiyan,CN,32.6475,110.7781,49.17,92,0,2.35,clear sky
358,Morondava,MG,-20.2833,44.2833,81.64,75,10,1.16,clear sky
359,Ayr,GB,55.4627,-4.6339,58.89,58,0,5.75,clear sky
360,Bouna,CI,9.2667,-3.0,97.23,25,99,2.62,overcast clouds
361,Bonfim,BR,3.0833,-59.95,92.88,39,44,8.79,scattered clouds
362,Snezhnogorsk,RU,69.1933,33.2531,26.38,95,100,18.77,snow
363,Buraydah,SA,26.326,43.975,81.05,9,48,10.45,scattered clouds
364,Kaeo,NZ,-35.1,173.7833,63.32,92,30,9.71,scattered clouds
365,Tabuk,PH,17.4189,121.4443,73.83,93,68,2.51,broken clouds
366,Sarangani,PH,5.4033,125.4636,81.91,72,99,5.14,overcast clouds
367,Aswan,EG,24.0934,32.907,65.5,19,0,13.8,clear sky
368,Mangaluru,IN,12.8667,74.8833,76.06,83,75,6.91,light intensity drizzle
369,Yishui,CN,35.7847,118.6281,44.53,88,0,7.65,clear sky
370,Awbari,LY,26.5921,12.7805,60.48,26,0,13.6,clear sky
371,Acari,PE,-15.4311,-74.6158,81.81,55,45,11.88,scattered clouds
372,Basoko,CD,1.2391,23.616,73.83,70,42,4.03,scattered clouds
373,Valparaiso,CL,-33.0393,-71.6273,71.83,51,0,16.11,clear sky
374,Evanston,US,42.0411,-87.6901,57.36,95,99,2.91,overcast clouds
375,Bairiki,KI,1.3292,172.9752,80.6,78,40,10.36,scattered clouds
376,Luderitz,NA,-26.6481,15.1594,65.97,83,0,11.9,clear sky
377,Manokwari,ID,-0.8667,134.0833,78.51,82,100,1.83,overcast clouds
378,Copiapo,CL,-27.3667,-70.3333,64.09,34,1,9.13,clear sky
379,Nicoya,CR,10.1483,-85.452,96.62,35,97,6.17,overcast clouds
380,Lata,PT,40.1629,-8.3327,61.07,71,100,12.82,overcast clouds
381,Ossora,RU,59.2353,163.0719,18.97,94,100,4.34,light snow
382,Yeppoon,AU,-23.1333,150.7333,65.98,78,0,1.83,clear sky
383,Maun,BW,-19.9833,23.4167,74.01,50,52,5.53,broken clouds
384,Safford,US,32.834,-109.7076,58.12,19,3,5.44,clear sky
385,Zhongshu,CN,24.5167,103.7667,55.06,97,100,2.98,overcast clouds
386,Oussouye,SN,12.485,-16.5469,89.78,52,8,16.49,clear sky
387,Kankon,IN,15.0167,74.0167,82.2,81,60,2.17,broken clouds
388,Korla,CN,41.7597,86.1469,50.86,34,100,7.87,overcast clouds
389,Mankono,CI,8.0586,-6.1897,92.84,35,97,8.93,overcast clouds
390,Lucapa,AO,-8.4192,20.7447,66.88,92,79,3.89,broken clouds
391,Miyazu,JP,35.5333,135.1833,40.24,92,93,2.48,overcast clouds
392,Shirokiy,RU,49.758,129.523,14.27,95,100,2.57,light snow
393,Seoul,KR,37.5683,126.9778,42.4,63,0,5.75,clear sky
394,Tadine,NC,-21.55,167.8833,75.52,75,100,10.07,overcast clouds
395,Markova,UA,48.6758,24.4138,41.86,67,5,5.28,clear sky
396,Quimper,FR,48.0,-4.1,55.98,54,0,5.75,clear sky
397,Praia,CV,14.9215,-23.5087,75.74,57,20,25.32,few clouds
398,Monrovia,LR,6.3005,-10.7969,82.76,74,94,8.23,overcast clouds
399,Buarcos,PT,40.166,-8.8768,61.14,76,100,15.35,light rain
400,Krasnik,PL,50.9236,22.2271,55.27,43,0,5.61,clear sky
401,Kamaishi,JP,39.2667,141.8833,38.98,78,100,7.23,overcast clouds
402,Sandpoint,US,48.2766,-116.5533,50.85,80,100,5.01,overcast clouds
403,Ilulissat,GL,69.2167,-51.1,-0.17,89,30,4.81,scattered clouds
404,Waddan,LY,29.1614,16.139,56.28,33,0,9.24,clear sky
405,Necochea,AR,-38.5473,-58.7368,80.78,42,50,8.25,scattered clouds
406,Smithers,CA,54.7804,-127.1743,37.72,81,40,2.3,scattered clouds
407,Laborie,LC,13.75,-60.9833,83.86,61,20,25.32,few clouds
408,Natal,BR,-5.795,-35.2094,89.82,66,40,13.8,scattered clouds
409,Usinsk,RU,65.9939,57.5281,17.78,89,95,22.66,overcast clouds
410,Tsimlyansk,RU,47.6461,42.1019,38.7,54,0,7.45,clear sky
411,Kahului,US,20.8947,-156.47,71.96,85,97,15.43,overcast clouds
412,Kawambwa,ZM,-9.7915,29.0791,64.67,95,96,2.98,moderate rain
413,Senno,RU,59.5336,33.9167,24.26,99,50,2.71,scattered clouds
414,Iturama,BR,-19.7281,-50.1956,86.52,47,28,11.32,scattered clouds
415,Gander,CA,48.9682,-54.5906,33.93,80,100,21.85,mist
416,Payakumbuh,ID,-0.2202,100.6308,68.77,79,8,3.36,clear sky
417,Mecca,SA,21.4267,39.8261,72.82,50,2,10.47,clear sky
418,Kailua,US,21.4022,-157.7394,75.74,79,93,7.0,overcast clouds
419,Pangnirtung,CA,66.1451,-65.7125,-7.6,77,100,3.44,overcast clouds
420,Hernani,ES,43.2662,-1.9762,59.41,58,0,5.75,clear sky
421,Wilkes-Barre,US,41.2459,-75.8813,50.07,37,100,5.99,overcast clouds
422,Valente,BR,-11.4122,-39.4619,83.5,55,92,9.69,overcast clouds
423,Bend,US,44.0582,-121.3153,63.0,58,0,11.5,clear sky
424,Inirida,CO,3.8653,-67.9239,91.65,51,39,1.74,scattered clouds
425,Atbasar,KZ,51.8,68.3333,27.72,89,99,16.02,overcast clouds
426,Caluquembe,AO,-13.7833,14.6833,60.75,97,45,4.76,light rain
427,Sinamar,PH,16.9,121.5667,74.55,93,100,3.47,overcast clouds
428,Whitehorse,CA,60.7161,-135.0538,34.11,74,75,18.41,broken clouds
429,Mozarlandia,BR,-14.7447,-50.5706,87.96,57,31,6.22,scattered clouds
430,Lautaro,CL,-38.5167,-72.45,57.18,42,59,11.41,broken clouds
431,Bose,IT,45.4612,8.0137,60.39,31,0,3.09,clear sky
432,Ozinki,RU,51.1786,49.6769,32.92,97,100,7.56,overcast clouds
433,Mabaruma,GY,8.2,-59.7833,83.91,62,81,8.14,broken clouds
434,Raudeberg,NO,61.9875,5.1352,48.87,56,97,22.68,overcast clouds
435,Westport,US,41.1415,-73.3579,49.44,49,98,5.01,overcast clouds
436,Laizhou,CN,37.1717,119.9214,47.21,69,0,9.1,clear sky
437,Malanje,AO,-9.5402,16.341,65.01,91,95,0.54,overcast clouds
438,Tiarei,PF,-17.5333,-149.3333,80.62,74,81,12.1,broken clouds
439,Ares,BR,-6.1944,-35.1603,89.69,63,78,12.55,broken clouds
440,Ulaanbaatar,MN,47.9077,106.8832,32.13,32,75,8.95,broken clouds
441,Akyab,MM,20.15,92.9,78.03,82,63,6.24,broken clouds
442,Taltal,CL,-25.4,-70.4833,68.9,69,7,8.84,clear sky
443,Sorong,ID,-0.8833,131.25,77.9,87,100,8.08,overcast clouds
444,Ancud,CL,-41.8697,-73.8203,50.23,60,74,14.65,broken clouds
445,Pangody,RU,65.85,74.4859,15.12,95,98,13.0,overcast clouds
446,Ahipara,NZ,-35.1667,173.1667,65.53,86,29,13.58,scattered clouds
447,Conakry,GN,9.538,-13.6773,87.87,48,28,11.5,haze
448,Carballo,ES,43.213,-8.691,60.42,83,78,3.67,broken clouds
449,Menongue,AO,-14.6585,17.691,64.92,91,90,3.13,light rain
450,Perevolotskiy,RU,51.8763,54.1938,30.92,97,100,7.63,overcast clouds
451,Ipanguacu,BR,-5.4983,-36.855,87.44,59,98,13.33,overcast clouds
452,Sinnamary,GF,5.3833,-52.95,76.33,93,100,8.46,overcast clouds
453,Suicheng,CN,33.8963,117.9331,44.38,92,0,6.8,clear sky
454,Ust-Maya,RU,60.4167,134.5333,-15.75,100,48,0.72,scattered clouds
455,Bafra,TR,41.5678,35.9069,38.41,84,85,5.21,overcast clouds
456,Pilar,BR,-9.5972,-35.9567,76.93,68,74,10.38,broken clouds
457,Shumerlya,RU,55.5005,46.4129,34.65,88,100,6.89,overcast clouds
458,Gwadar,PK,25.1216,62.3254,76.5,74,0,7.31,clear sky
459,Matamoros,MX,25.5333,-103.25,62.31,22,0,6.04,clear sky
460,Beringovskiy,RU,63.05,179.3167,8.65,97,97,1.86,overcast clouds
461,Buchanan,LR,5.8808,-10.0467,82.58,74,98,7.49,overcast clouds
462,Flagstaff,US,35.1981,-111.6513,52.59,21,8,1.99,clear sky
463,Lopsmarka,NO,67.3134,14.4493,44.62,93,75,35.68,moderate rain
464,Svetlyy,RU,54.675,20.1347,37.45,78,1,6.35,clear sky
465,Linxia,CN,35.6003,103.2064,50.52,53,99,2.17,overcast clouds
466,Bolgatanga,GH,10.7856,-0.8514,100.45,19,100,0.49,overcast clouds
467,Ziyang,CN,29.2497,117.8547,46.83,94,49,3.42,scattered clouds
468,Jumla,NP,29.2747,82.1838,45.48,52,17,5.17,few clouds
469,Alenquer,BR,-1.9417,-54.7383,87.13,62,37,3.62,scattered clouds
470,Ixtapa,MX,20.7,-105.2,88.16,13,28,7.05,scattered clouds
471,Asosa,ET,10.0667,34.5333,76.96,16,59,3.69,broken clouds
472,Kenai,US,60.5544,-151.2583,30.15,62,100,8.61,overcast clouds
473,Xining,CN,36.6167,101.7667,47.41,30,100,2.28,overcast clouds
474,Ulvik,NO,60.5672,6.9187,39.67,83,50,1.39,scattered clouds
475,Irtyshskiy,RU,58.3333,68.1333,22.57,90,71,9.26,broken clouds
476,Ostrovnoy,RU,68.0531,39.5131,23.88,96,100,5.46,snow
477,Coihaique,CL,-45.5752,-72.0662,52.41,76,75,5.75,broken clouds
478,Maldonado,UY,-34.6667,-54.9167,78.19,49,58,10.63,broken clouds
479,Escarcega,MX,18.6089,-90.7454,89.64,47,25,4.56,scattered clouds
480,Haimen,CN,23.1935,116.6142,58.89,85,100,18.77,overcast clouds
481,Upernavik,GL,72.7868,-56.1549,-2.83,92,95,3.02,overcast clouds
482,Dunedin,NZ,-45.8742,170.5036,58.78,89,23,5.48,few clouds
483,Kartuzy,PL,54.3342,18.1974,41.77,68,0,4.61,clear sky
484,Okhotsk,RU,59.3833,143.3,8.56,97,99,3.18,overcast clouds
485,Pedernales,DO,18.0384,-71.744,86.85,52,14,15.19,few clouds
486,Shagonar,RU,51.5333,92.8,6.17,82,94,1.45,overcast clouds
487,Kouqian,CN,43.6391,126.4578,33.37,98,97,3.53,light snow
488,Doha,QA,25.2867,51.5333,76.98,57,20,4.61,few clouds
489,Algeciras,ES,36.1333,-5.4505,60.48,88,100,23.02,haze
490,Champerico,GT,14.3,-91.9167,91.94,55,9,13.15,clear sky
491,Demirci,TR,39.0461,28.6589,30.63,89,62,7.45,broken clouds
492,Sobolevo,RU,54.4299,31.8996,30.58,99,94,4.68,overcast clouds
493,Coahuayana,MX,18.7333,-103.6833,88.81,27,25,7.31,scattered clouds
494,Khislavichi,RU,54.1871,32.1582,28.83,99,83,4.09,broken clouds
495,Ihosy,MG,-22.4,46.1167,68.05,93,67,7.34,broken clouds
496,Viedma,AR,-40.8135,-62.9967,70.97,31,97,11.65,overcast clouds
497,Noyabrsk,RU,63.1994,75.4507,10.72,95,79,10.09,broken clouds
498,Yakeshi,CN,49.2833,120.7333,2.44,99,87,2.95,overcast clouds
499,Akhalgori,GE,42.126,44.4833,27.23,96,95,5.53,overcast clouds
500,Diamantino,BR,-14.4086,-56.4461,88.5,57,14,8.63,few clouds
501,Bonthe,SL,7.5264,-12.505,82.08,75,93,11.56,overcast clouds
502,Gombong,ID,-7.6072,109.5142,76.73,93,98,1.74,overcast clouds
503,Kaitangata,NZ,-46.2817,169.8464,56.66,92,36,5.1,scattered clouds
504,Chumphon,TH,10.3333,98.8333,70.93,97,42,0.96,scattered clouds
505,Narrabri,AU,-30.3167,149.7833,71.69,64,75,3.44,broken clouds
506,Jinchang,CN,38.4953,102.1739,50.59,25,95,7.92,overcast clouds
507,Baracoa,CU,20.3467,-74.4958,83.57,60,18,8.52,few clouds
508,Salalah,OM,17.0151,54.0924,75.69,59,3,2.24,clear sky
509,Namatanai,PG,-3.6667,152.4333,79.3,80,100,5.91,overcast clouds
510,Yibin,CN,28.7667,104.6238,63.32,71,70,1.68,broken clouds
511,Kitami,JP,43.8031,143.8908,33.12,89,100,3.47,light snow
512,Urumqi,CN,43.801,87.6005,27.55,100,100,2.24,mist
513,Plouzane,FR,48.3833,-4.6167,61.12,66,0,9.22,clear sky
514,Almaznyy,RU,48.0448,40.045,37.78,50,0,4.38,clear sky
515,Hailar,CN,49.2,119.7,3.63,93,15,5.82,few clouds
516,Kalmunai,LK,7.4167,81.8167,78.35,85,8,8.39,clear sky
517,Alice,US,27.7523,-98.0697,71.17,21,0,7.85,clear sky
518,Chara,RU,56.9064,118.2631,3.24,80,97,1.9,overcast clouds
519,Mungaa,TZ,-4.9667,34.8833,61.36,85,46,4.23,scattered clouds
520,Labuhan,ID,-6.8844,112.2051,79.48,86,91,6.62,overcast clouds
521,Kapoeta,SS,4.7717,33.5903,81.41,46,77,5.1,broken clouds
522,Scottsbluff,US,41.8666,-103.6672,49.28,20,0,8.01,clear sky
523,Saint-Augustin,CA,51.226,-58.6502,33.8,79,99,26.8,overcast clouds
524,Yatou,CN,37.15,122.3833,43.93,92,0,10.96,clear sky
525,Inuvik,CA,68.3499,-133.7218,-12.24,70,100,10.36,overcast clouds
526,Kisangani,CD,0.5167,25.2,75.99,75,44,0.74,scattered clouds
527,Kendari,ID,-3.945,122.4989,75.0,93,100,5.44,overcast clouds
528,Zhangye,CN,38.9342,100.4517,53.55,22,98,7.47,overcast clouds
529,Zapolyarnyy,RU,69.4154,30.8136,25.88,96,100,18.97,light snow
530,Ilam,NP,26.9167,87.9167,64.87,46,12,7.31,few clouds
531,Codrington,AU,-38.2667,141.9667,56.98,63,54,4.18,broken clouds
532,Vila,PT,42.0304,-8.1588,54.48,59,89,9.55,overcast clouds
533,Lensk,RU,60.7253,114.9278,3.92,99,98,3.33,overcast clouds
534,Toamasina,MG,-18.1667,49.3833,78.8,89,40,6.91,scattered clouds
535,Kieta,PG,-6.2167,155.6333,77.59,84,57,1.23,light rain
536,Sangar,RU,63.9242,127.4739,5.09,91,99,6.93,overcast clouds
537,Blagoveshchenka,RU,52.8333,79.8667,24.89,93,100,19.95,light snow
538,Esso,RU,55.9333,158.7,4.05,95,94,4.79,overcast clouds
539,Pisco,PE,-13.7,-76.2167,73.45,64,0,8.05,clear sky
540,Qaqortoq,GL,60.7167,-46.0333,30.72,63,100,1.88,overcast clouds
541,Tonj,SS,7.2737,28.6822,91.31,31,61,5.73,broken clouds
542,Havoysund,NO,70.9963,24.6622,28.63,90,100,22.86,light snow
543,Maragogi,BR,-9.0122,-35.2225,82.36,73,67,10.49,light rain
544,Xinqing,CN,48.2333,129.5,15.96,98,100,0.72,overcast clouds
545,Zhengjiatun,CN,43.5064,123.5064,32.7,90,6,6.4,clear sky
546,Lagoa,PT,39.05,-27.9833,60.08,69,93,8.68,overcast clouds
547,Jackson,US,42.4165,-122.8345,64.15,74,43,1.99,scattered clouds
548,Petukhovo,RU,55.0692,67.9019,25.93,92,70,13.56,broken clouds
549,Carutapera,BR,-1.195,-46.02,82.67,77,55,6.93,broken clouds
550,Cap-Aux-Meules,CA,47.3821,-61.8597,33.85,69,20,31.07,few clouds
551,Letenye,HU,46.433,16.7258,58.66,19,0,2.04,clear sky
552,Carrickfergus,GB,54.7158,-5.8058,57.96,60,20,9.22,few clouds
553,Cubuk,TR,40.2386,33.0322,35.76,69,75,6.91,broken clouds
554,Urengoy,RU,65.9667,78.3667,3.07,98,72,10.07,broken clouds
555,Nioro,GM,13.35,-15.75,99.55,13,5,12.06,clear sky
556,Praya,CV,14.9215,-23.5087,75.74,57,20,25.32,few clouds
557,Igrim,RU,63.1906,64.4162,17.11,90,74,7.02,broken clouds
558,Bajil,YE,15.0584,43.2851,82.9,63,20,8.88,few clouds
559,Baculin,PH,7.4525,126.5842,76.77,83,93,6.98,moderate rain
560,Yei,SS,4.095,30.6779,72.81,74,79,4.68,broken clouds
561,Stephenville,US,32.2207,-98.2023,60.75,25,0,19.57,clear sky
562,Herat,AF,34.5,62.0,42.98,64,0,13.0,clear sky
563,Kurumkan,RU,54.3,110.3,14.56,86,94,3.6,overcast clouds
564,Acara,BR,-1.9608,-48.1967,81.41,92,77,2.55,heavy intensity rain
565,Dvinskoy,RU,62.1535,45.1175,33.39,96,89,4.94,overcast clouds
566,Leshukonskoye,RU,64.8989,45.7622,22.24,94,85,3.33,overcast clouds
567,Severnyy,RU,50.677,36.5532,44.64,65,100,0.0,overcast clouds
568,Clawson,US,42.5334,-83.1463,47.39,82,100,13.8,overcast clouds
569,Ulcinj,ME,41.9294,19.2244,64.62,58,0,4.63,clear sky
570,Bandarbeyla,SO,9.4942,50.8122,77.79,77,2,7.4,clear sky
571,Copala,MX,16.65,-98.9833,86.29,42,2,7.92,clear sky
572,Willmar,US,45.1219,-95.0433,37.35,81,100,17.27,overcast clouds
573,Forio,IT,40.7342,13.8646,59.29,56,0,13.0,clear sky
574,Manta,EC,-0.95,-80.7333,80.38,83,100,0.0,overcast clouds
575,Vagur,FO,61.4732,-6.8119,46.94,93,98,18.79,overcast clouds
576,Manzhouli,CN,49.6,117.4333,12.49,82,7,3.51,clear sky
577,Mackenzie,CA,55.2999,-123.1698,39.42,65,75,11.5,broken clouds
578,Arteaga,MX,18.4667,-102.4167,84.24,20,20,4.88,few clouds
579,Huarmey,PE,-10.0681,-78.1522,75.99,72,49,12.21,scattered clouds
580,Khandyga,RU,62.6667,135.6,-14.85,100,97,1.95,overcast clouds
581,Angoche,MZ,-16.2325,39.9086,77.4,91,21,8.77,few clouds
582,Hayden,US,47.766,-116.7866,53.55,63,48,1.12,scattered clouds
583,Katangli,RU,51.7102,143.2326,12.79,91,11,8.03,few clouds
584,Ngorongoro,TZ,-3.2397,35.4875,56.23,67,72,2.71,broken clouds
585,Saint-Georges,GD,12.0564,-61.7485,83.88,65,75,23.02,broken clouds
586,Banjar,ID,-8.19,114.9675,78.82,92,100,2.64,overcast clouds
587,Dunyapur,PK,29.7995,71.7196,75.13,33,0,3.67,clear sky
588,Ashland,US,40.8167,-82.2665,60.28,82,100,14.12,overcast clouds
589,Tabou,CI,4.423,-7.3528,82.31,77,99,6.82,overcast clouds
590,Axim,GH,4.8699,-2.2405,83.08,77,100,8.37,overcast clouds
591,Pinawa,CA,50.1489,-95.8811,36.73,77,98,10.0,overcast clouds
592,Bima,ID,-8.4667,118.7167,75.58,95,100,1.63,overcast clouds
593,Ugoofaaru,MV,5.6667,73.0,82.9,64,12,9.04,few clouds
594,Paamiut,GL,61.994,-49.6678,22.17,84,28,12.88,scattered clouds
595,Sabang,ID,5.8933,95.3214,82.24,75,94,9.06,overcast clouds
596,Palu,ID,-0.8917,119.8707,75.2,89,100,4.99,overcast clouds
597,Ostersund,SE,63.1792,14.6357,41.45,70,20,13.8,few clouds
598,Pacifica,US,37.6138,-122.4869,69.44,86,100,8.05,mist
599,Sawakin,SD,19.1059,37.3321,73.02,69,11,13.98,few clouds
600,Roatan,HN,16.3244,-86.5366,85.28,70,0,17.27,clear sky
601,Cassilandia,BR,-19.1133,-51.7342,88.03,45,49,5.95,scattered clouds
602,Unguia,CO,8.0434,-77.0945,86.02,67,90,5.1,overcast clouds
603,Udachnyy,RU,66.4167,112.4,-17.48,100,86,2.55,overcast clouds
604,Weinan,CN,34.5036,109.5089,52.07,63,2,3.44,clear sky
605,Iqaluit,CA,63.7506,-68.5145,-0.67,78,100,0.0,overcast clouds
606,College,US,64.8569,-147.8028,6.21,62,80,7.09,broken clouds
607,Terney,RU,45.0503,136.6092,29.19,84,85,4.7,overcast clouds
608,Bafoulabe,ML,13.8065,-10.8321,104.49,10,8,3.33,clear sky
609,Turnov,CZ,50.5836,15.1519,55.26,46,0,4.14,clear sky
610,Nabire,ID,-3.3667,135.4833,75.67,91,100,3.51,overcast clouds
611,Kalaleh,IR,37.3807,55.4916,44.2,87,75,4.61,broken clouds
612,Storforshei,NO,66.4043,14.5233,40.78,93,75,6.91,moderate rain
613,Shingu,JP,33.7333,135.9833,45.34,89,85,5.77,overcast clouds
614,Tahoua,NE,14.8888,5.2692,90.27,10,57,5.61,broken clouds
615,Veraval,IN,20.9,70.3667,80.8,42,92,18.95,overcast clouds
616,Nalut,LY,30.3333,10.85,58.86,32,9,10.31,clear sky
617,Kigorobya,UG,1.6162,31.3089,70.93,76,59,8.97,light rain
618,Meiganga,CM,6.5167,14.3,80.82,18,100,4.05,overcast clouds
619,Shimoda,JP,34.6667,138.95,41.11,87,100,4.83,light rain
620,Hualmay,PE,-11.0964,-77.6139,75.11,72,36,10.33,scattered clouds
621,Montepuez,MZ,-13.1256,38.9997,70.41,94,29,2.77,scattered clouds
622,Campana,AR,-34.1687,-58.9591,78.91,76,100,7.18,overcast clouds
623,Pouembout,NC,-21.1333,164.9,75.0,88,100,4.38,overcast clouds
City Name,City,City,City,City,City,City,City,City,City
